IP 地址,已发送,已接收,丢包率,平均延迟,下载速度(MB/s),地区码
104.19.22.128,4,4,0.00,203.51,1.58,LAX
104.19.61.170,4,4,0.00,203.22,0.19,LAX
104.19.49.34,4,4,0.00,199.30,0.18,LAX
104.18.252.3,4,4,0.00,203.53,0.18,LAX
172.67.225.187,4,4,0.00,203.40,0.06,LAX
104.21.97.129,4,4,0.00,203.95,0.00,LAX
104.24.0.16,4,4,0.00,204.41,0.00,LAX
172.67.195.118,4,4,0.00,204.55,0.00,LAX
104.18.47.131,4,4,0.00,204.61,0.00,LAX
104.25.96.81,4,4,0.00,204.84,0.00,LAX
104.27.20.239,4,4,0.00,205.47,0.00,LAX
104.19.19.40,4,4,0.00,205.53,0.00,LAX
162.159.228.154,4,4,0.00,205.95,0.00,LAX
172.64.93.254,4,4,0.00,206.12,0.00,LAX
162.159.42.143,4,4,0.00,206.20,0.00,LAX
104.19.42.161,4,4,0.00,206.26,0.00,LAX
104.25.99.107,4,4,0.00,206.64,0.00,LAX
104.19.39.235,4,4,0.00,206.66,0.00,LAX
104.19.9.224,4,4,0.00,206.72,0.00,LAX
162.159.40.152,4,4,0.00,206.73,0.00,LAX
162.159.245.128,4,4,0.00,206.77,0.00,LAX
162.159.24.155,4,4,0.00,206.80,0.00,LAX
104.17.131.27,4,4,0.00,206.80,0.00,LAX
104.18.52.39,4,4,0.00,206.97,0.00,LAX
104.16.186.208,4,4,0.00,206.97,0.00,LAX
172.67.218.167,4,4,0.00,207.00,0.00,LAX
104.17.96.236,4,4,0.00,207.22,0.00,LAX
104.19.245.88,4,4,0.00,207.29,0.00,LAX
104.17.132.89,4,4,0.00,207.36,0.00,LAX
172.65.37.99,4,4,0.00,207.38,0.00,LAX
172.67.216.100,4,4,0.00,207.54,0.00,LAX
172.67.173.4,4,4,0.00,207.65,0.00,LAX
104.19.129.250,4,4,0.00,207.72,0.00,LAX
104.25.92.251,4,4,0.00,207.97,0.00,LAX
104.18.48.72,4,4,0.00,208.00,0.00,LAX
162.159.33.157,4,4,0.00,208.01,0.00,LAX
104.16.209.115,4,4,0.00,208.09,0.00,LAX
104.27.196.63,4,4,0.00,208.17,0.00,LAX
104.17.135.210,4,4,0.00,208.20,0.00,LAX
104.24.169.139,4,4,0.00,208.21,0.00,LAX
104.18.82.180,4,4,0.00,208.34,0.00,LAX
172.64.146.226,4,4,0.00,208.36,0.00,LAX
104.24.138.82,4,4,0.00,208.43,0.00,LAX
104.25.143.93,4,4,0.00,208.46,0.00,LAX
104.16.3.140,4,4,0.00,208.47,0.00,LAX
104.18.74.34,4,4,0.00,208.49,0.00,LAX
104.16.214.152,4,4,0.00,208.51,0.00,LAX
104.17.158.23,4,4,0.00,208.58,0.00,LAX
104.17.152.133,4,4,0.00,208.73,0.00,LAX
172.67.156.170,4,4,0.00,208.82,0.00,LAX
104.16.180.92,4,4,0.00,208.86,0.00,LAX
104.24.139.209,4,4,0.00,208.95,0.00,LAX
104.24.174.238,4,4,0.00,208.96,0.00,LAX
104.19.15.58,4,4,0.00,208.96,0.00,LAX
104.19.246.10,4,4,0.00,209.01,0.00,LAX
104.16.0.4,4,4,0.00,209.03,0.00,LAX
173.245.49.34,4,4,0.00,209.12,0.00,LAX
162.159.35.206,4,4,0.00,209.17,0.00,LAX
172.66.216.165,4,4,0.00,209.22,0.00,LAX
104.18.31.102,4,4,0.00,209.29,0.00,LAX
104.19.58.107,4,4,0.00,209.34,0.00,LAX
104.25.152.164,4,4,0.00,209.36,0.00,LAX
104.25.144.194,4,4,0.00,209.37,0.00,LAX
104.16.195.152,4,4,0.00,209.38,0.00,LAX
104.25.148.47,4,4,0.00,209.39,0.00,LAX
104.27.18.150,4,4,0.00,209.39,0.00,LAX
103.21.244.253,4,4,0.00,209.49,0.00,LAX
104.25.73.225,4,4,0.00,209.50,0.00,LAX
162.159.61.75,4,4,0.00,209.58,0.00,LAX
104.17.109.3,4,4,0.00,209.64,0.00,LAX
104.18.100.71,4,4,0.00,209.73,0.00,LAX
172.67.226.7,4,4,0.00,209.81,0.00,LAX
104.24.170.53,4,4,0.00,209.81,0.00,LAX
104.19.31.170,4,4,0.00,209.82,0.00,LAX
104.17.144.104,4,4,0.00,209.87,0.00,LAX
104.19.204.167,4,4,0.00,209.99,0.00,LAX
172.67.223.195,4,4,0.00,210.00,0.00,LAX
104.21.101.232,4,4,0.00,210.00,0.00,LAX
104.27.24.253,4,4,0.00,210.03,0.00,LAX
104.19.34.191,4,4,0.00,210.05,0.00,LAX
172.67.162.186,4,4,0.00,210.11,0.00,LAX
104.19.43.233,4,4,0.00,210.39,0.00,LAX
104.19.247.54,4,4,0.00,210.39,0.00,LAX
172.64.153.164,4,4,0.00,210.46,0.00,LAX
104.19.249.7,4,4,0.00,210.49,0.00,LAX
104.24.12.232,4,4,0.00,210.50,0.00,LAX
104.16.176.226,4,4,0.00,210.58,0.00,LAX
104.18.87.208,4,4,0.00,210.60,0.00,LAX
172.67.252.103,4,4,0.00,210.62,0.00,LAX
104.20.10.213,4,4,0.00,210.66,0.00,LAX
172.67.249.107,4,4,0.00,210.73,0.00,LAX
104.16.166.254,4,4,0.00,210.76,0.00,LAX
104.19.41.98,4,4,0.00,210.81,0.00,LAX
162.159.60.206,4,4,0.00,210.81,0.00,LAX
104.19.40.74,4,4,0.00,210.87,0.00,LAX
104.27.197.238,4,4,0.00,210.92,0.00,LAX
141.101.113.236,4,4,0.00,210.93,0.00,LAX
104.19.35.141,4,4,0.00,210.98,0.00,LAX
104.19.37.171,4,4,0.00,211.01,0.00,LAX
104.16.188.230,4,4,0.00,211.10,0.00,LAX
104.21.120.251,4,4,0.00,211.16,0.00,LAX
172.67.208.233,4,4,0.00,211.17,0.00,LAX
172.64.89.13,4,4,0.00,211.19,0.00,LAX
172.64.149.143,4,4,0.00,211.23,0.00,LAX
104.24.181.49,4,4,0.00,211.25,0.00,LAX
104.20.14.161,4,4,0.00,211.30,0.00,LAX
104.19.203.190,4,4,0.00,211.33,0.00,LAX
104.21.112.241,4,4,0.00,211.37,0.00,LAX
162.159.23.55,4,4,0.00,211.47,0.00,LAX
104.27.39.217,4,4,0.00,211.50,0.00,LAX
172.64.91.210,4,4,0.00,211.54,0.00,LAX
104.21.119.111,4,4,0.00,211.56,0.00,LAX
104.25.138.207,4,4,0.00,211.58,0.00,LAX
104.16.173.58,4,4,0.00,211.64,0.00,LAX
104.20.51.242,4,4,0.00,211.69,0.00,LAX
172.64.87.124,4,4,0.00,211.70,0.00,LAX
104.16.177.102,4,4,0.00,211.76,0.00,LAX
104.20.8.176,4,4,0.00,211.78,0.00,LAX
104.25.100.132,4,4,0.00,211.81,0.00,LAX
104.19.243.36,4,4,0.00,211.85,0.00,LAX
172.67.228.167,4,4,0.00,211.86,0.00,LAX
104.19.17.16,4,4,0.00,211.86,0.00,LAX
104.19.250.51,4,4,0.00,211.88,0.00,LAX
104.25.154.25,4,4,0.00,211.91,0.00,LAX
104.21.117.254,4,4,0.00,212.04,0.00,LAX
172.67.217.56,4,4,0.00,212.07,0.00,LAX
104.27.22.68,4,4,0.00,212.10,0.00,LAX
172.64.157.61,4,4,0.00,212.11,0.00,LAX
104.24.7.16,4,4,0.00,212.13,0.00,LAX
172.67.220.254,4,4,0.00,212.21,0.00,LAX
104.24.137.127,4,4,0.00,212.24,0.00,LAX
172.67.248.117,4,4,0.00,212.26,0.00,LAX
172.64.80.68,4,4,0.00,212.27,0.00,LAX
104.25.97.45,4,4,0.00,212.28,0.00,LAX
104.27.15.222,4,4,0.00,212.34,0.00,LAX
104.24.206.240,4,4,0.00,212.38,0.00,LAX
104.20.5.123,4,4,0.00,212.42,0.00,LAX
162.159.230.122,4,4,0.00,212.48,0.00,LAX
104.17.154.164,4,4,0.00,212.58,0.00,LAX
104.21.90.130,4,4,0.00,212.61,0.00,LAX
162.159.62.68,4,4,0.00,212.64,0.00,LAX
104.24.178.247,4,4,0.00,212.74,0.00,LAX
104.19.14.188,4,4,0.00,212.96,0.00,LAX
162.159.252.212,4,4,0.00,213.02,0.00,LAX
104.19.2.1,4,4,0.00,213.05,0.00,LAX
104.18.55.13,4,4,0.00,213.06,0.00,LAX
104.18.64.117,4,4,0.00,213.09,0.00,LAX
172.64.85.252,4,4,0.00,213.10,0.00,LAX
104.20.58.204,4,4,0.00,213.10,0.00,LAX
162.159.46.49,4,4,0.00,213.13,0.00,LAX
172.65.41.36,4,4,0.00,213.22,0.00,LAX
104.18.99.28,4,4,0.00,213.27,0.00,LAX
104.25.137.58,4,4,0.00,213.27,0.00,LAX
104.24.173.64,4,4,0.00,213.29,0.00,LAX
104.24.133.252,4,4,0.00,213.40,0.00,LAX
104.16.175.176,4,4,0.00,213.50,0.00,LAX
104.18.54.202,4,4,0.00,213.61,0.00,LAX
104.19.32.120,4,4,0.00,213.61,0.00,LAX
104.27.43.113,4,4,0.00,213.63,0.00,LAX
172.67.234.88,4,4,0.00,213.69,0.00,LAX
104.24.147.30,4,4,0.00,213.69,0.00,LAX
104.16.172.123,4,4,0.00,213.70,0.00,LAX
172.67.250.157,4,4,0.00,213.72,0.00,LAX
104.16.184.175,4,4,0.00,213.73,0.00,LAX
104.16.194.103,4,4,0.00,213.74,0.00,LAX
172.66.196.242,4,4,0.00,213.74,0.00,LAX
104.25.130.40,4,4,0.00,213.78,0.00,LAX
104.21.100.207,4,4,0.00,213.80,0.00,LAX
104.24.236.122,4,4,0.00,213.85,0.00,LAX
104.19.36.242,4,4,0.00,213.88,0.00,LAX
104.21.116.207,4,4,0.00,213.92,0.00,LAX
104.16.193.216,4,4,0.00,213.93,0.00,LAX
172.67.230.210,4,4,0.00,213.95,0.00,LAX
104.17.160.178,4,4,0.00,213.97,0.00,LAX
104.16.185.224,4,4,0.00,214.03,0.00,LAX
172.67.231.34,4,4,0.00,214.04,0.00,LAX
104.19.209.218,4,4,0.00,214.04,0.00,LAX
104.19.26.233,4,4,0.00,214.09,0.00,LAX
104.16.197.132,4,4,0.00,214.10,0.00,LAX
104.20.9.89,4,4,0.00,214.10,0.00,LAX
104.17.156.227,4,4,0.00,214.18,0.00,LAX
104.18.90.93,4,4,0.00,214.21,0.00,LAX
104.17.106.74,4,4,0.00,214.26,0.00,LAX
104.24.171.36,4,4,0.00,214.27,0.00,LAX
162.159.250.57,4,4,0.00,214.27,0.00,LAX
172.65.36.156,4,4,0.00,214.29,0.00,LAX
172.67.235.180,4,4,0.00,214.31,0.00,LAX
104.17.120.70,4,4,0.00,214.31,0.00,LAX
172.64.82.90,4,4,0.00,214.31,0.00,LAX
104.25.141.246,4,4,0.00,214.32,0.00,LAX
104.18.81.106,4,4,0.00,214.34,0.00,LAX
104.24.140.146,4,4,0.00,214.34,0.00,LAX
104.25.127.1,4,4,0.00,214.34,0.00,LAX
104.24.167.37,4,4,0.00,214.41,0.00,LAX
104.24.202.41,4,4,0.00,214.41,0.00,LAX
104.19.38.183,4,4,0.00,214.42,0.00,LAX
104.16.178.25,4,4,0.00,214.42,0.00,LAX
104.18.94.21,4,4,0.00,214.46,0.00,LAX
104.16.1.41,4,4,0.00,214.47,0.00,LAX
172.64.69.203,4,4,0.00,214.50,0.00,LAX
104.19.53.37,4,4,0.00,214.53,0.00,LAX
104.19.54.253,4,4,0.00,214.54,0.00,LAX
104.27.34.205,4,4,0.00,214.55,0.00,LAX
104.19.25.123,4,4,0.00,214.56,0.00,LAX
104.16.189.14,4,4,0.00,214.61,0.00,LAX
104.16.171.182,4,4,0.00,214.61,0.00,LAX
104.19.201.94,4,4,0.00,214.65,0.00,LAX
104.19.224.128,4,4,0.00,214.68,0.00,LAX
104.19.110.85,4,4,0.00,214.74,0.00,LAX
172.66.211.87,4,4,0.00,214.76,0.00,SJC
104.17.104.178,4,4,0.00,214.77,0.00,LAX
172.66.195.55,4,4,0.00,214.77,0.00,LAX
104.24.132.125,4,4,0.00,214.78,0.00,LAX
104.17.99.95,4,4,0.00,214.82,0.00,LAX
162.159.254.197,4,4,0.00,214.85,0.00,LAX
104.17.111.212,4,4,0.00,214.93,0.00,LAX
104.21.211.86,4,4,0.00,214.94,0.00,LAX
104.24.180.197,4,4,0.00,214.98,0.00,LAX
104.21.95.241,4,4,0.00,214.99,0.00,LAX
162.159.246.214,4,4,0.00,215.00,0.00,LAX
172.67.174.149,4,4,0.00,215.04,0.00,LAX
104.16.168.87,4,4,0.00,215.10,0.00,LAX
104.19.239.30,4,4,0.00,215.11,0.00,LAX
104.19.223.254,4,4,0.00,215.11,0.00,LAX
104.27.33.216,4,4,0.00,215.15,0.00,LAX
172.64.79.202,4,4,0.00,215.18,0.00,SJC
104.18.53.127,4,4,0.00,215.21,0.00,LAX
104.18.51.200,4,4,0.00,215.23,0.00,LAX
104.25.147.205,4,4,0.00,215.23,0.00,LAX
172.66.205.110,4,4,0.00,215.26,0.00,LAX
172.67.215.251,4,4,0.00,215.31,0.00,LAX
104.20.13.143,4,4,0.00,215.33,0.00,LAX
172.64.156.208,4,4,0.00,215.34,0.00,LAX
104.24.177.23,4,4,0.00,215.38,0.00,LAX
104.25.125.67,4,4,0.00,215.41,0.00,LAX
172.67.233.156,4,4,0.00,215.44,0.00,LAX
104.25.74.181,4,4,0.00,215.45,0.00,LAX
104.21.114.142,4,4,0.00,215.47,0.00,LAX
104.18.104.210,4,4,0.00,215.50,0.00,LAX
104.25.80.166,4,4,0.00,215.50,0.00,LAX
104.17.151.25,4,4,0.00,215.52,0.00,LAX
172.65.61.61,4,4,0.00,215.57,0.00,LAX
104.24.149.243,4,4,0.00,215.59,0.00,LAX
104.27.38.156,4,4,0.00,215.64,0.00,LAX
104.19.52.151,4,4,0.00,215.65,0.00,LAX
104.19.240.80,4,4,0.00,215.66,0.00,LAX
104.17.125.95,4,4,0.00,215.68,0.00,LAX
104.27.42.252,4,4,0.00,215.72,0.00,LAX
104.19.220.219,4,4,0.00,215.73,0.00,LAX
104.19.241.187,4,4,0.00,215.74,0.00,LAX
104.16.196.199,4,4,0.00,215.88,0.00,LAX
104.19.227.136,4,4,0.00,215.89,0.00,LAX
104.17.149.129,4,4,0.00,215.89,0.00,LAX
162.159.253.69,4,4,0.00,215.98,0.00,LAX
172.67.138.121,4,4,0.00,216.05,0.00,LAX
104.16.6.37,4,4,0.00,216.07,0.00,LAX
104.18.254.190,4,4,0.00,216.07,0.00,LAX
104.24.129.192,4,4,0.00,216.08,0.00,LAX
104.17.134.197,4,4,0.00,216.11,0.00,LAX
104.25.78.69,4,4,0.00,216.16,0.00,LAX
104.27.40.81,4,4,0.00,216.19,0.00,LAX
172.67.160.154,4,4,0.00,216.25,0.00,LAX
104.27.26.53,4,4,0.00,216.29,0.00,LAX
104.17.148.207,4,4,0.00,216.30,0.00,LAX
172.64.84.206,4,4,0.00,216.31,0.00,LAX
104.17.145.73,4,4,0.00,216.32,0.00,LAX
104.27.195.94,4,4,0.00,216.33,0.00,LAX
104.25.82.133,4,4,0.00,216.33,0.00,LAX
104.21.87.210,4,4,0.00,216.40,0.00,LAX
104.19.16.171,4,4,0.00,216.45,0.00,LAX
104.25.89.26,4,4,0.00,216.47,0.00,LAX
104.18.101.108,4,4,0.00,216.62,0.00,LAX
104.18.84.4,4,4,0.00,216.64,0.00,LAX
172.67.251.207,4,4,0.00,216.67,0.00,LAX
104.17.126.154,4,4,0.00,216.69,0.00,LAX
104.18.102.216,4,4,0.00,216.70,0.00,LAX
104.18.49.194,4,4,0.00,216.72,0.00,LAX
104.19.210.69,4,4,0.00,216.77,0.00,LAX
104.16.170.147,4,4,0.00,216.79,0.00,LAX
104.16.191.115,4,4,0.00,216.81,0.00,LAX
172.67.176.17,4,4,0.00,216.82,0.00,LAX
104.24.34.194,4,4,0.00,216.86,0.00,LAX
104.17.146.232,4,4,0.00,216.93,0.00,LAX
162.159.255.25,4,4,0.00,216.93,0.00,LAX
141.101.121.103,4,4,0.00,216.94,0.00,LAX
104.19.215.84,4,4,0.00,216.95,0.00,LAX
104.24.3.5,4,4,0.00,216.97,0.00,LAX
104.17.118.168,4,4,0.00,216.98,0.00,LAX
104.24.183.174,4,4,0.00,217.00,0.00,LAX
104.18.86.253,4,4,0.00,217.01,0.00,LAX
172.64.86.15,4,4,0.00,217.06,0.00,LAX
104.19.0.148,4,4,0.00,217.17,0.00,LAX
104.16.2.72,4,4,0.00,217.17,0.00,LAX
104.25.94.155,4,4,0.00,217.17,0.00,LAX
172.64.83.209,4,4,0.00,217.19,0.00,LAX
104.16.162.153,4,4,0.00,217.26,0.00,LAX
162.159.45.65,4,4,0.00,217.29,0.00,LAX
104.18.248.187,4,4,0.00,217.31,0.00,LAX
104.21.206.157,4,4,0.00,217.32,0.00,LAX
104.19.56.40,4,4,0.00,217.39,0.00,LAX
104.17.110.192,4,4,0.00,217.39,0.00,LAX
104.17.133.187,4,4,0.00,217.41,0.00,LAX
104.16.187.215,4,4,0.00,217.42,0.00,LAX
104.21.96.80,4,4,0.00,217.46,0.00,LAX
162.159.233.226,4,4,0.00,217.46,0.00,LAX
104.18.255.32,4,4,0.00,217.47,0.00,LAX
172.67.161.8,4,4,0.00,217.56,0.00,LAX
104.16.202.10,4,4,0.00,217.61,0.00,LAX
104.18.68.102,4,4,0.00,217.65,0.00,LAX
172.67.243.7,4,4,0.00,217.65,0.00,LAX
104.18.62.70,4,4,0.00,217.67,0.00,LAX
104.25.93.148,4,4,0.00,217.68,0.00,LAX
104.24.194.126,4,4,0.00,217.68,0.00,LAX
162.159.44.128,4,4,0.00,217.71,0.00,LAX
104.17.98.190,4,4,0.00,217.73,0.00,LAX
104.19.4.123,4,4,0.00,217.75,0.00,LAX
162.159.25.2,4,4,0.00,217.86,0.00,LAX
104.25.170.62,4,4,0.00,217.90,0.00,LAX
104.24.166.200,4,4,0.00,217.90,0.00,LAX
172.64.88.179,4,4,0.00,217.90,0.00,LAX
104.19.20.237,4,4,0.00,217.91,0.00,LAX
104.17.103.115,4,4,0.00,217.97,0.00,LAX
104.19.248.94,4,4,0.00,217.99,0.00,LAX
104.21.99.1,4,4,0.00,218.14,0.00,LAX
172.67.227.54,4,4,0.00,218.19,0.00,LAX
172.67.241.170,4,4,0.00,218.22,0.00,LAX
162.159.39.98,4,4,0.00,218.22,0.00,LAX
104.16.163.34,4,4,0.00,218.28,0.00,LAX
104.27.25.123,4,4,0.00,218.30,0.00,LAX
104.25.122.249,4,4,0.00,218.42,0.00,LAX
104.21.118.141,4,4,0.00,218.47,0.00,LAX
104.25.145.238,4,4,0.00,218.53,0.00,LAX
104.25.131.189,4,4,0.00,218.56,0.00,LAX
104.25.132.57,4,4,0.00,218.71,0.00,LAX
104.25.146.86,4,4,0.00,218.75,0.00,LAX
104.20.7.63,4,4,0.00,218.77,0.00,LAX
104.17.101.246,4,4,0.00,218.80,0.00,LAX
172.64.155.58,4,4,0.00,218.85,0.00,LAX
104.18.36.139,4,4,0.00,218.87,0.00,LAX
104.24.199.183,4,4,0.00,218.91,0.00,LAX
104.16.203.236,4,4,0.00,218.91,0.00,LAX
104.18.85.142,4,4,0.00,218.98,0.00,LAX
172.67.242.187,4,4,0.00,218.99,0.00,LAX
104.25.172.132,4,4,0.00,219.02,0.00,LAX
172.67.169.129,4,4,0.00,219.07,0.00,LAX
162.159.58.123,4,4,0.00,219.12,0.00,LAX
104.25.150.168,4,4,0.00,219.19,0.00,LAX
104.20.4.42,4,4,0.00,219.26,0.00,LAX
104.18.249.210,4,4,0.00,219.30,0.00,LAX
104.27.192.186,4,4,0.00,219.33,0.00,LAX
104.18.45.180,4,4,0.00,219.43,0.00,LAX
172.67.209.194,4,4,0.00,219.45,0.00,LAX
104.17.112.5,4,4,0.00,219.45,0.00,LAX
104.18.67.196,4,4,0.00,219.48,0.00,LAX
104.19.242.177,4,4,0.00,219.50,0.00,LAX
104.21.98.173,4,4,0.00,219.50,0.00,LAX
104.16.5.46,4,4,0.00,219.55,0.00,LAX
104.24.157.121,4,4,0.00,219.60,0.00,LAX
104.18.79.107,4,4,0.00,219.63,0.00,LAX
104.19.13.49,4,4,0.00,219.69,0.00,LAX
104.19.59.89,4,4,0.00,219.70,0.00,LAX
172.67.244.180,4,4,0.00,219.75,0.00,LAX
108.162.195.121,4,4,0.00,219.78,0.00,LAX
104.16.204.78,4,4,0.00,219.79,0.00,LAX
104.21.102.13,4,4,0.00,219.82,0.00,LAX
104.17.123.193,4,4,0.00,219.90,0.00,LAX
104.25.81.100,4,4,0.00,219.98,0.00,LAX
162.159.20.246,4,4,0.00,219.98,0.00,LAX
104.17.136.3,4,4,0.00,220.04,0.00,LAX
162.159.247.36,4,4,0.00,220.08,0.00,LAX
162.159.43.51,4,4,0.00,220.08,0.00,LAX
104.16.201.251,4,4,0.00,220.10,0.00,LAX
104.24.38.0,4,4,0.00,220.14,0.00,LAX
104.19.55.93,4,4,0.00,220.33,0.00,LAX
172.65.55.240,4,4,0.00,220.34,0.00,LAX
104.18.97.72,4,4,0.00,220.36,0.00,LAX
104.24.136.24,4,4,0.00,220.39,0.00,LAX
104.21.111.12,4,4,0.00,220.40,0.00,LAX
104.17.100.106,4,4,0.00,220.43,0.00,LAX
104.27.41.152,4,4,0.00,220.47,0.00,LAX
104.17.122.94,4,4,0.00,220.49,0.00,LAX
104.16.167.91,4,4,0.00,220.51,0.00,LAX
162.159.49.122,4,4,0.00,220.53,0.00,LAX
104.20.3.117,4,4,0.00,220.61,0.00,LAX
172.64.151.192,4,4,0.00,220.63,0.00,LAX
162.159.235.96,4,4,0.00,220.66,0.00,LAX
104.19.205.180,4,4,0.00,220.70,0.00,LAX
104.18.80.17,4,4,0.00,220.72,0.00,LAX
172.64.150.14,4,4,0.00,220.75,0.00,LAX
172.65.56.38,4,4,0.00,220.80,0.00,LAX
104.16.198.237,4,4,0.00,220.81,0.00,LAX
104.17.108.32,4,4,0.00,220.82,0.00,LAX
104.19.208.30,4,4,0.00,220.82,0.00,LAX
104.24.179.222,4,4,0.00,220.87,0.00,LAX
104.21.93.107,4,4,0.00,220.98,0.00,LAX
172.64.74.191,4,4,0.00,220.99,0.00,LAX
104.19.57.188,4,4,0.00,221.07,0.00,LAX
104.21.105.132,4,4,0.00,221.08,0.00,LAX
104.18.105.61,4,4,0.00,221.12,0.00,LAX
172.64.95.175,4,4,0.00,221.12,0.00,LAX
104.16.4.1,4,4,0.00,221.13,0.00,LAX
104.24.9.187,4,4,0.00,221.25,0.00,LAX
162.159.27.158,4,4,0.00,221.30,0.00,LAX
104.18.65.175,4,4,0.00,221.33,0.00,LAX
104.19.211.45,4,4,0.00,221.37,0.00,LAX
162.159.38.129,4,4,0.00,221.39,0.00,LAX
104.17.141.251,4,4,0.00,221.40,0.00,LAX
104.18.66.32,4,4,0.00,221.42,0.00,LAX
104.17.102.93,4,4,0.00,221.44,0.00,LAX
162.159.244.116,4,4,0.00,221.48,0.00,LAX
162.159.241.130,4,4,0.00,221.56,0.00,LAX
172.67.238.67,4,4,0.00,221.64,0.00,LAX
104.25.126.52,4,4,0.00,221.68,0.00,LAX
104.17.121.194,4,4,0.00,221.69,0.00,LAX
104.19.214.43,4,4,0.00,221.69,0.00,LAX
104.24.192.214,4,4,0.00,221.74,0.00,LAX
104.27.36.125,4,4,0.00,221.79,0.00,LAX
104.24.142.168,4,4,0.00,221.84,0.00,LAX
172.67.240.138,4,4,0.00,221.85,0.00,LAX
104.24.203.68,4,4,0.00,221.89,0.00,LAX
172.66.209.9,4,4,0.00,221.89,0.00,SJC
104.25.140.172,4,4,0.00,221.92,0.00,LAX
104.16.190.34,4,4,0.00,221.94,0.00,LAX
104.18.106.32,4,4,0.00,222.01,0.00,LAX
172.67.139.23,4,4,0.00,222.05,0.00,LAX
104.24.198.211,4,4,0.00,222.06,0.00,LAX
172.67.158.233,4,4,0.00,222.15,0.00,LAX
162.159.240.31,4,4,0.00,222.31,0.00,LAX
104.17.129.75,4,4,0.00,222.31,0.00,LAX
104.25.79.157,4,4,0.00,222.39,0.00,LAX
104.19.221.221,4,4,0.00,222.39,0.00,LAX
172.64.90.35,4,4,0.00,222.46,0.00,LAX
104.18.234.165,4,4,0.00,222.52,0.00,LAX
190.93.244.64,4,4,0.00,222.55,0.00,LAX
104.25.116.200,4,4,0.00,222.62,0.00,LAX
104.19.1.89,4,4,0.00,222.63,0.00,LAX
104.19.202.144,4,4,0.00,222.65,0.00,LAX
104.27.19.169,4,4,0.00,222.73,0.00,LAX
162.159.248.119,4,4,0.00,222.76,0.00,LAX
104.24.200.68,4,4,0.00,222.76,0.00,LAX
172.67.253.210,4,4,0.00,222.81,0.00,LAX
104.19.18.225,4,4,0.00,222.86,0.00,LAX
104.19.206.238,4,4,0.00,222.87,0.00,LAX
104.25.120.91,4,4,0.00,222.88,0.00,LAX
104.16.165.26,4,4,0.00,222.94,0.00,LAX
162.159.232.203,4,4,0.00,222.96,0.00,LAX
172.67.219.132,4,4,0.00,222.97,0.00,LAX
104.20.6.33,4,4,0.00,223.00,0.00,LAX
104.25.129.124,4,4,0.00,223.00,0.00,LAX
172.67.221.155,4,4,0.00,223.06,0.00,LAX
104.27.193.243,4,4,0.00,223.18,0.00,LAX
162.159.242.245,4,4,0.00,223.21,0.00,LAX
104.24.172.170,4,4,0.00,223.34,0.00,LAX
104.18.103.167,4,4,0.00,223.60,0.00,LAX
172.67.237.131,4,4,0.00,223.67,0.00,LAX
104.17.150.27,4,4,0.00,223.68,0.00,LAX
104.19.198.47,4,4,0.00,223.69,0.00,LAX
162.159.21.14,4,4,0.00,223.73,0.00,LAX
162.159.229.19,4,4,0.00,223.75,0.00,LAX
104.24.165.22,4,4,0.00,223.92,0.00,LAX
104.18.88.18,4,4,0.00,223.93,0.00,LAX
172.66.217.220,4,4,0.00,224.00,0.00,LAX
104.21.115.76,4,4,0.00,224.02,0.00,LAX
104.27.37.17,4,4,0.00,224.16,0.00,LAX
172.64.176.125,4,4,0.00,224.25,0.00,LAX
162.159.249.194,4,4,0.00,224.30,0.00,LAX
104.19.207.135,4,4,0.00,224.30,0.00,LAX
104.19.226.114,4,4,0.00,224.45,0.00,LAX
104.25.128.64,4,4,0.00,224.48,0.00,LAX
172.67.247.77,4,4,0.00,224.59,0.00,LAX
172.67.177.61,4,4,0.00,224.66,0.00,LAX
172.67.246.196,4,4,0.00,224.75,0.00,LAX
104.16.179.112,4,4,0.00,224.90,0.00,LAX
104.24.135.55,4,4,0.00,224.92,0.00,LAX
104.18.46.23,4,4,0.00,224.95,0.00,LAX
172.64.92.185,4,4,0.00,225.03,0.00,LAX
172.67.224.215,4,4,0.00,225.18,0.00,LAX
104.16.182.10,4,4,0.00,225.21,0.00,LAX
104.21.0.9,4,4,0.00,225.25,0.00,LAX
172.67.254.236,4,4,0.00,225.25,0.00,LAX
172.64.154.185,4,4,0.00,225.37,0.00,LAX
104.16.181.218,4,4,0.00,225.38,0.00,LAX
104.25.108.243,4,4,0.00,225.43,0.00,LAX
172.67.159.131,4,4,0.00,225.47,0.00,LAX
104.19.60.132,4,4,0.00,225.59,0.00,LAX
172.65.34.153,4,4,0.00,225.60,0.00,LAX
104.21.84.205,4,4,0.00,225.65,0.00,LAX
104.27.1.100,4,4,0.00,225.82,0.00,LAX
104.24.201.123,4,4,0.00,225.86,0.00,LAX
104.20.15.188,4,4,0.00,225.94,0.00,LAX
104.27.52.7,4,4,0.00,225.97,0.00,LAX
104.18.253.34,4,4,0.00,226.03,0.00,LAX
104.18.98.1,4,4,0.00,226.14,0.00,LAX
104.24.176.48,4,4,0.00,226.16,0.00,LAX
104.25.124.240,4,4,0.00,226.17,0.00,LAX
104.17.105.75,4,4,0.00,226.19,0.00,LAX
104.24.204.241,4,4,0.00,226.24,0.00,LAX
162.159.26.184,4,4,0.00,226.34,0.00,LAX
172.66.213.61,4,4,0.00,226.35,0.00,SJC
104.21.88.52,4,4,0.00,226.47,0.00,LAX
104.20.0.2,4,4,0.00,226.49,0.00,LAX
172.66.210.155,4,4,0.00,226.74,0.00,LAX
104.16.169.55,4,4,0.00,226.79,0.00,LAX
104.21.92.189,4,4,0.00,226.89,0.00,LAX
104.17.119.36,4,4,0.00,226.89,0.00,LAX
104.24.134.36,4,4,0.00,226.96,0.00,LAX
104.27.21.137,4,4,0.00,227.42,0.00,LAX
104.27.194.107,4,4,0.00,227.48,0.00,LAX
172.66.206.136,4,4,0.00,227.49,0.00,LAX
162.159.251.92,4,4,0.00,227.51,0.00,LAX
172.67.229.18,4,4,0.00,227.57,0.00,LAX
104.24.197.100,4,4,0.00,227.63,0.00,LAX
104.25.98.36,4,4,0.00,227.94,0.00,LAX
104.27.23.18,4,4,0.00,227.99,0.00,LAX
104.18.250.67,4,4,0.00,228.09,0.00,LAX
104.17.147.80,4,4,0.00,228.10,0.00,LAX
104.24.1.187,4,4,0.00,228.21,0.00,LAX
104.24.2.205,4,4,0.00,228.36,0.00,LAX
104.24.182.7,4,4,0.00,228.56,0.00,LAX
108.162.194.250,4,4,0.00,228.61,0.00,LAX
104.25.151.73,4,4,0.00,228.72,0.00,LAX
172.67.163.96,4,4,0.00,228.81,0.00,LAX
104.18.83.70,4,4,0.00,229.29,0.00,LAX
172.67.222.70,4,4,0.00,229.48,0.00,LAX
104.17.153.160,4,4,0.00,229.67,0.00,LAX
162.159.48.87,4,4,0.00,229.87,0.00,LAX
172.65.241.149,4,4,0.00,229.89,0.00,LAX
104.18.107.30,4,4,0.00,229.99,0.00,LAX
172.67.164.197,4,4,0.00,230.08,0.00,LAX
104.17.137.154,4,4,0.00,230.30,0.00,LAX
162.159.243.93,4,4,0.00,230.47,0.00,LAX
162.159.36.245,4,4,0.00,230.57,0.00,LAX
162.159.34.20,4,4,0.00,230.67,0.00,LAX
104.19.62.55,4,4,0.00,230.88,0.00,LAX
104.24.231.3,4,4,0.00,230.92,0.00,LAX
104.19.225.18,4,4,0.00,230.97,0.00,LAX
162.159.32.2,4,4,0.00,230.97,0.00,LAX
104.21.91.5,4,4,0.00,231.09,0.00,LAX
172.67.239.15,4,4,0.00,231.23,0.00,LAX
104.19.251.9,4,4,0.00,231.28,0.00,LAX
104.19.3.40,4,4,0.00,231.37,0.00,LAX
172.65.62.25,4,4,0.00,231.88,0.00,LAX
104.18.251.12,4,4,0.00,231.99,0.00,LAX
104.25.77.91,4,4,0.00,232.17,0.00,LAX
104.27.27.57,4,4,0.00,232.25,0.00,LAX
104.27.35.187,4,4,0.00,232.62,0.00,LAX
172.67.153.61,4,4,0.00,232.65,0.00,LAX
172.67.236.233,4,4,0.00,232.71,0.00,LAX
162.159.41.182,4,4,0.00,232.74,0.00,LAX
104.24.175.5,4,4,0.00,232.96,0.00,LAX
104.16.164.14,4,4,0.00,233.08,0.00,LAX
162.159.237.11,4,4,0.00,233.12,0.00,SJC
104.26.8.140,4,4,0.00,233.12,0.00,LAX
104.19.12.235,4,4,0.00,234.21,0.00,LAX
104.25.121.185,4,4,0.00,234.45,0.00,LAX
104.19.244.114,4,4,0.00,234.61,0.00,LAX
162.159.231.47,4,4,0.00,234.76,0.00,LAX
104.21.94.240,4,4,0.00,234.87,0.00,LAX
104.18.50.227,4,4,0.00,236.38,0.00,LAX
104.18.108.25,4,4,0.00,237.13,0.00,LAX
104.25.123.125,4,4,0.00,237.21,0.00,LAX
172.66.212.204,4,4,0.00,237.79,0.00,LAX
172.66.215.197,4,4,0.00,237.82,0.00,LAX
172.67.245.67,4,4,0.00,237.91,0.00,LAX
172.66.214.160,4,4,0.00,238.11,0.00,LAX
162.159.22.149,4,4,0.00,238.78,0.00,LAX
104.24.196.165,4,4,0.00,238.80,0.00,LAX
108.162.193.114,4,4,0.00,240.79,0.00,LAX
103.31.4.182,4,4,0.00,244.86,0.00,DEN
172.67.232.132,4,4,0.00,248.85,0.00,LAX
162.159.224.30,4,4,0.00,249.38,0.00,DEN
162.159.236.185,4,4,0.00,250.94,0.00,LAX
162.159.234.115,4,4,0.00,259.14,0.00,DEN
104.19.222.81,4,4,0.00,269.66,0.00,LAX
172.64.152.135,4,4,0.00,334.62,0.00,LAX
104.17.107.11,4,4,0.00,345.55,0.00,LAX
172.67.255.137,4,4,0.00,347.18,0.00,LAX
